iso_code,date,total_cases,new_cases,new_cases_smoothed,total_deaths,new_deaths,new_deaths_smoothed,total_cases_per_million,new_cases_per_million,new_cases_smoothed_per_million,total_deaths_per_million,new_deaths_per_million,new_deaths_smoothed_per_million
CAN,12/31/2019,0,0,,0,0,,0,0,,0,0,
CAN,1/1/2020,0,0,,0,0,,0,0,,0,0,
CAN,1/2/2020,0,0,,0,0,,0,0,,0,0,
CAN,1/3/2020,0,0,,0,0,,0,0,,0,0,
CAN,1/4/2020,0,0,,0,0,,0,0,,0,0,
CAN,1/5/2020,0,0,,0,0,,0,0,,0,0,
CAN,1/6/2020,0,0,0,0,0,0,0,0,0,0,0,0
CAN,1/7/2020,0,0,0,0,0,0,0,0,0,0,0,0
CAN,1/8/2020,0,0,0,0,0,0,0,0,0,0,0,0
CAN,1/9/2020,0,0,0,0,0,0,0,0,0,0,0,0
CAN,1/10/2020,0,0,0,0,0,0,0,0,0,0,0,0
CAN,1/11/2020,0,0,0,0,0,0,0,0,0,0,0,0
CAN,1/12/2020,0,0,0,0,0,0,0,0,0,0,0,0
CAN,1/13/2020,0,0,0,0,0,0,0,0,0,0,0,0
CAN,1/14/2020,0,0,0,0,0,0,0,0,0,0,0,0
CAN,1/15/2020,0,0,0,0,0,0,0,0,0,0,0,0
CAN,1/16/2020,0,0,0,0,0,0,0,0,0,0,0,0
CAN,1/17/2020,0,0,0,0,0,0,0,0,0,0,0,0
CAN,1/18/2020,0,0,0,0,0,0,0,0,0,0,0,0
CAN,1/19/2020,0,0,0,0,0,0,0,0,0,0,0,0
CAN,1/20/2020,0,0,0,0,0,0,0,0,0,0,0,0
CAN,1/21/2020,0,0,0,0,0,0,0,0,0,0,0,0
CAN,1/22/2020,0,0,0,0,0,0,0,0,0,0,0,0
CAN,1/23/2020,0,0,0,0,0,0,0,0,0,0,0,0
CAN,1/24/2020,0,0,0,0,0,0,0,0,0,0,0,0
CAN,1/25/2020,0,0,0,0,0,0,0,0,0,0,0,0
CAN,1/26/2020,1,1,0.143,0,0,0,0.026,0.026,0.004,0,0,0
CAN,1/27/2020,1,0,0.143,0,0,0,0.026,0,0.004,0,0,0
CAN,1/28/2020,2,1,0.286,0,0,0,0.053,0.026,0.008,0,0,0
CAN,1/29/2020,3,1,0.429,0,0,0,0.079,0.026,0.011,0,0,0
CAN,1/30/2020,3,0,0.429,0,0,0,0.079,0,0.011,0,0,0
CAN,1/31/2020,3,0,0.429,0,0,0,0.079,0,0.011,0,0,0
CAN,2/1/2020,4,1,0.571,0,0,0,0.106,0.026,0.015,0,0,0
CAN,2/2/2020,4,0,0.429,0,0,0,0.106,0,0.011,0,0,0
CAN,2/3/2020,4,0,0.429,0,0,0,0.106,0,0.011,0,0,0
CAN,2/4/2020,4,0,0.286,0,0,0,0.106,0,0.008,0,0,0
CAN,2/5/2020,5,1,0.286,0,0,0,0.132,0.026,0.008,0,0,0
CAN,2/6/2020,5,0,0.286,0,0,0,0.132,0,0.008,0,0,0
CAN,2/7/2020,7,2,0.571,0,0,0,0.185,0.053,0.015,0,0,0
CAN,2/8/2020,7,0,0.429,0,0,0,0.185,0,0.011,0,0,0
CAN,2/9/2020,7,0,0.429,0,0,0,0.185,0,0.011,0,0,0
CAN,2/10/2020,7,0,0.429,0,0,0,0.185,0,0.011,0,0,0
CAN,2/11/2020,7,0,0.429,0,0,0,0.185,0,0.011,0,0,0
CAN,2/12/2020,7,0,0.286,0,0,0,0.185,0,0.008,0,0,0
CAN,2/13/2020,7,0,0.286,0,0,0,0.185,0,0.008,0,0,0
CAN,2/14/2020,7,0,0,0,0,0,0.185,0,0,0,0,0
CAN,2/15/2020,8,1,0.143,0,0,0,0.212,0.026,0.004,0,0,0
CAN,2/16/2020,8,0,0.143,0,0,0,0.212,0,0.004,0,0,0
CAN,2/17/2020,8,0,0.143,0,0,0,0.212,0,0.004,0,0,0
CAN,2/18/2020,8,0,0.143,0,0,0,0.212,0,0.004,0,0,0
CAN,2/19/2020,8,0,0.143,0,0,0,0.212,0,0.004,0,0,0
CAN,2/20/2020,8,0,0.143,0,0,0,0.212,0,0.004,0,0,0
CAN,2/21/2020,9,1,0.286,0,0,0,0.238,0.026,0.008,0,0,0
CAN,2/22/2020,9,0,0.143,0,0,0,0.238,0,0.004,0,0,0
CAN,2/23/2020,9,0,0.143,0,0,0,0.238,0,0.004,0,0,0
CAN,2/24/2020,9,0,0.143,0,0,0,0.238,0,0.004,0,0,0
CAN,2/25/2020,11,2,0.429,0,0,0,0.291,0.053,0.011,0,0,0
CAN,2/26/2020,11,0,0.429,0,0,0,0.291,0,0.011,0,0,0
CAN,2/27/2020,12,1,0.571,0,0,0,0.318,0.026,0.015,0,0,0
CAN,2/28/2020,14,2,0.714,0,0,0,0.371,0.053,0.019,0,0,0
CAN,2/29/2020,16,2,1,0,0,0,0.424,0.053,0.026,0,0,0
CAN,3/1/2020,20,4,1.571,0,0,0,0.53,0.106,0.042,0,0,0
CAN,3/2/2020,24,4,2.143,0,0,0,0.636,0.106,0.057,0,0,0
CAN,3/3/2020,27,3,2.286,0,0,0,0.715,0.079,0.061,0,0,0
CAN,3/4/2020,30,3,2.714,0,0,0,0.795,0.079,0.072,0,0,0
CAN,3/5/2020,33,3,3,0,0,0,0.874,0.079,0.079,0,0,0
CAN,3/6/2020,45,12,4.429,0,0,0,1.192,0.318,0.117,0,0,0
CAN,3/7/2020,51,6,5,0,0,0,1.351,0.159,0.132,0,0,0
CAN,3/8/2020,57,6,5.286,0,0,0,1.51,0.159,0.14,0,0,0
CAN,3/9/2020,62,5,5.429,0,0,0,1.643,0.132,0.144,0,0,0
CAN,3/10/2020,77,15,7.143,1,1,0.143,2.04,0.397,0.189,0.026,0.026,0.004
CAN,3/11/2020,93,16,9,1,0,0.143,2.464,0.424,0.238,0.026,0,0.004
CAN,3/12/2020,103,10,10,1,0,0.143,2.729,0.265,0.265,0.026,0,0.004
CAN,3/13/2020,138,35,13.286,1,0,0.143,3.656,0.927,0.352,0.026,0,0.004
CAN,3/14/2020,176,38,17.857,1,0,0.143,4.663,1.007,0.473,0.026,0,0.004
CAN,3/15/2020,244,68,26.714,1,0,0.143,6.465,1.802,0.708,0.026,0,0.004
CAN,3/16/2020,304,60,34.571,1,0,0.143,8.055,1.59,0.916,0.026,0,0.004
CAN,3/17/2020,424,120,49.571,4,3,0.429,11.234,3.179,1.313,0.106,0.079,0.011
CAN,3/18/2020,569,145,68,8,4,1,15.076,3.842,1.802,0.212,0.106,0.026
CAN,3/19/2020,690,121,83.857,9,1,1.143,18.282,3.206,2.222,0.238,0.026,0.03
CAN,3/20/2020,846,156,101.143,10,1,1.286,22.415,4.133,2.68,0.265,0.026,0.034
CAN,3/21/2020,971,125,113.571,12,2,1.571,25.727,3.312,3.009,0.318,0.053,0.042
CAN,3/22/2020,1302,331,151.143,18,6,2.429,34.497,8.77,4.005,0.477,0.159,0.064
CAN,3/23/2020,1430,128,160.857,20,2,2.714,37.889,3.391,4.262,0.53,0.053,0.072
CAN,3/24/2020,1646,216,174.571,24,4,2.857,43.612,5.723,4.625,0.636,0.106,0.076
CAN,3/25/2020,1959,313,198.571,27,3,2.714,51.905,8.293,5.261,0.715,0.079,0.072
CAN,3/26/2020,3385,1426,385,35,8,3.714,89.688,37.783,10.201,0.927,0.212,0.098
CAN,3/27/2020,4018,633,453.143,39,4,4.143,106.459,16.772,12.006,1.033,0.106,0.11
CAN,3/28/2020,4675,657,529.143,53,14,5.857,123.867,17.408,14.02,1.404,0.371,0.155
CAN,3/29/2020,5386,711,583.429,60,7,6,142.705,18.838,15.458,1.59,0.185,0.159
CAN,3/30/2020,6255,869,689.286,61,1,5.857,165.73,23.025,18.263,1.616,0.026,0.155
CAN,3/31/2020,7424,1169,825.429,89,28,9.286,196.703,30.973,21.87,2.358,0.742,0.246
CAN,4/1/2020,8536,1112,939.571,96,7,9.857,226.166,29.463,24.894,2.544,0.185,0.261
CAN,4/2/2020,9595,1059,887.143,109,13,10.571,254.225,28.059,23.505,2.888,0.344,0.28
CAN,4/3/2020,11268,1673,1035.714,138,29,14.143,298.552,44.327,27.442,3.656,0.768,0.375
CAN,4/4/2020,12519,1251,1120.571,187,49,19.143,331.698,33.146,29.69,4.955,1.298,0.507
CAN,4/5/2020,13882,1363,1213.714,231,44,24.429,367.812,36.113,32.158,6.12,1.166,0.647
CAN,4/6/2020,15496,1614,1320.143,280,49,31.286,410.575,42.764,34.978,7.419,1.298,0.829
CAN,4/7/2020,16653,1157,1318.429,323,43,33.429,441.231,30.655,34.933,8.558,1.139,0.886
CAN,4/8/2020,17883,1230,1335.286,380,57,40.571,473.82,32.59,35.379,10.068,1.51,1.075
CAN,4/9/2020,19274,1391,1382.714,435,55,46.571,510.676,36.855,36.636,11.526,1.457,1.234
CAN,4/10/2020,20748,1474,1354.286,509,74,53,549.73,39.054,35.883,13.486,1.961,1.404
CAN,4/11/2020,22133,1385,1373.429,569,60,54.571,586.426,36.696,36.39,15.076,1.59,1.446
CAN,4/12/2020,23301,1168,1345.571,653,84,60.286,617.373,30.947,35.652,17.302,2.226,1.597
CAN,4/13/2020,24365,1064,1267,717,64,62.429,645.565,28.191,33.57,18.997,1.696,1.654
CAN,4/14/2020,25663,1298,1287.143,780,63,65.286,679.956,34.391,34.104,20.667,1.669,1.73
CAN,4/15/2020,27046,1383,1309,903,123,74.714,716.599,36.643,34.683,23.926,3.259,1.98
CAN,4/16/2020,28364,1318,1298.571,1010,107,82.143,751.52,34.921,34.406,26.761,2.835,2.176
CAN,4/17/2020,30081,1717,1333.286,1193,183,97.714,797.013,45.493,35.326,31.609,4.849,2.589
CAN,4/18/2020,31872,1791,1391.286,1309,116,105.714,844.467,47.454,36.863,34.683,3.073,2.801
CAN,4/19/2020,33341,1469,1434.286,1467,158,116.286,883.389,38.922,38.002,38.869,4.186,3.081
CAN,4/20/2020,34777,1436,1487.429,1580,113,123.286,921.436,38.048,39.41,41.863,2.994,3.267
CAN,4/21/2020,36823,2046,1594.286,1690,110,130,975.646,54.21,42.242,44.778,2.915,3.444
CAN,4/22/2020,38413,1590,1623.857,1834,144,133,1017.774,42.128,43.025,48.593,3.815,3.524
CAN,4/23/2020,40179,1766,1687.857,1974,140,137.714,1064.566,46.791,44.721,52.302,3.709,3.649
CAN,4/24/2020,42099,1920,1716.857,2146,172,136.143,1115.437,50.871,45.489,56.859,4.557,3.607
CAN,4/25/2020,43877,1778,1715,2302,156,141.857,1162.546,47.109,45.44,60.993,4.133,3.759
CAN,4/26/2020,45341,1464,1714.286,2465,163,142.571,1201.336,38.79,45.421,65.312,4.319,3.778
CAN,4/27/2020,46884,1543,1729.571,2560,95,140,1242.218,40.883,45.826,67.829,2.517,3.709
CAN,4/28/2020,48489,1605,1666.571,2707,147,145.286,1284.744,42.525,44.157,71.724,3.895,3.849
CAN,4/29/2020,50015,1526,1657.429,2859,152,146.429,1325.176,40.432,43.915,75.751,4.027,3.88
CAN,4/30/2020,51587,1572,1629.714,2996,137,146,1366.827,41.651,43.18,79.381,3.63,3.868
CAN,5/1/2020,53236,1649,1591,3184,188,148.286,1410.518,43.691,42.154,84.362,4.981,3.929
CAN,5/2/2020,55061,1825,1597.714,3391,207,155.571,1458.873,48.354,42.332,89.846,5.485,4.122
CAN,5/3/2020,56714,1653,1624.714,3566,175,157.286,1502.67,43.797,43.048,94.483,4.637,4.167
CAN,5/4/2020,59474,2760,1798.571,3682,116,160.286,1575.798,73.128,47.654,97.557,3.073,4.247
CAN,5/5/2020,60772,1298,1754.714,3854,172,163.857,1610.189,34.391,46.492,102.114,4.557,4.341
CAN,5/6/2020,62046,1274,1718.714,4043,189,169.143,1643.944,33.755,45.538,107.122,5.008,4.482
CAN,5/7/2020,63496,1450,1701.286,4232,189,176.571,1682.363,38.419,45.077,112.129,5.008,4.678
CAN,5/8/2020,64922,1426,1669.429,4408,176,174.857,1720.145,37.783,44.232,116.792,4.663,4.633
CAN,5/9/2020,66434,1512,1624.714,4569,161,168.286,1760.207,40.061,43.048,121.058,4.266,4.459
CAN,5/10/2020,67702,1268,1569.714,4693,124,161,1793.803,33.596,41.59,124.344,3.285,4.266
CAN,5/11/2020,68848,1146,1339.143,4871,178,169.857,1824.167,30.364,35.481,129.06,4.716,4.5
CAN,5/12/2020,69981,1133,1315.571,4993,122,162.714,1854.187,30.019,34.857,132.292,3.232,4.311
CAN,5/13/2020,71157,1176,1301.571,5169,176,160.857,1885.345,31.159,34.486,136.956,4.663,4.262
CAN,5/14/2020,72278,1121,1254.571,5304,135,153.143,1915.047,29.702,33.241,140.533,3.577,4.058
CAN,5/15/2020,73401,1123,1211.286,5472,168,152,1944.801,29.755,32.094,144.984,4.451,4.027
CAN,5/16/2020,74602,1201,1166.857,5562,90,141.857,1976.623,31.821,30.917,147.368,2.385,3.759
CAN,5/17/2020,75853,1251,1164.429,5679,117,140.857,2009.769,33.146,30.852,150.468,3.1,3.732
CAN,5/18/2020,76991,1138,1163.286,5782,103,130.143,2039.921,30.152,30.822,153.197,2.729,3.448
CAN,5/19/2020,78061,1070,1154.286,5842,60,121.286,2068.271,28.35,30.583,154.787,1.59,3.214
CAN,5/20/2020,79101,1040,1134.857,5912,70,106.143,2095.826,27.555,30.069,156.642,1.855,2.812
CAN,5/21/2020,80091,990,1116.143,6030,118,103.714,2122.057,26.231,29.573,159.768,3.126,2.748
CAN,5/22/2020,81313,1222,1130.286,6152,122,97.143,2154.434,32.378,29.948,163.001,3.232,2.574
CAN,5/23/2020,82469,1156,1123.857,6250,98,98.286,2185.063,30.629,29.777,165.597,2.597,2.604
CAN,5/24/2020,83610,1141,1108.143,6355,105,96.571,2215.295,30.231,29.361,168.379,2.782,2.559
CAN,5/25/2020,84688,1078,1099.571,6424,69,91.714,2243.857,28.562,29.134,170.208,1.828,2.43
CAN,5/26/2020,85700,1012,1091.286,6545,121,100.429,2270.67,26.814,28.914,173.414,3.206,2.661
CAN,5/27/2020,86636,936,1076.429,6639,94,103.857,2295.47,24.8,28.521,175.904,2.491,2.752
CAN,5/28/2020,87508,872,1059.571,6765,126,105,2318.574,23.104,28.074,179.243,3.338,2.782
CAN,5/29/2020,88501,993,1026.857,6877,112,103.571,2344.885,26.31,27.207,182.21,2.968,2.744
CAN,5/30/2020,89407,906,991.143,6979,102,104.143,2368.89,24.005,26.261,184.913,2.703,2.759
CAN,5/31/2020,90179,772,938.429,7073,94,102.571,2389.344,20.455,24.864,187.403,2.491,2.718
CAN,6/1/2020,90936,757,892.571,7295,222,124.429,2409.401,20.057,23.649,193.285,5.882,3.297
CAN,6/2/2020,91694,758,856.286,7326,31,111.571,2429.485,20.084,22.688,194.107,0.821,2.956
CAN,6/3/2020,92399,705,823.286,7395,69,108,2448.164,18.679,21.813,195.935,1.828,2.862
CAN,6/4/2020,93074,675,795.143,7498,103,104.714,2466.049,17.885,21.068,198.664,2.729,2.774
CAN,6/5/2020,93715,641,744.857,7637,139,108.571,2483.032,16.984,19.735,202.347,3.683,2.877
CAN,6/6/2020,94324,609,702.429,7703,66,103.429,2499.168,16.136,18.611,204.095,1.749,2.74
CAN,6/7/2020,95046,722,695.286,7773,70,100,2518.298,19.13,18.422,205.95,1.855,2.65
CAN,6/8/2020,95688,642,678.857,7800,27,72.143,2535.308,17.01,17.987,206.665,0.715,1.911
CAN,6/9/2020,96233,545,648.429,7835,35,72.714,2549.748,14.44,17.18,207.593,0.927,1.927
CAN,6/10/2020,96642,409,606.143,7897,62,71.714,2560.585,10.837,16.06,209.236,1.643,1.9
CAN,6/11/2020,97114,472,577.143,7960,63,66,2573.091,12.506,15.292,210.905,1.669,1.749
CAN,6/12/2020,97519,405,543.429,7994,34,51,2583.822,10.731,14.398,211.806,0.901,1.351
CAN,6/13/2020,97932,413,515.429,8049,55,49.429,2594.764,10.943,13.657,213.263,1.457,1.31
CAN,6/14/2020,98399,467,479,8107,58,47.714,2607.138,12.373,12.691,214.8,1.537,1.264
CAN,6/15/2020,98776,377,441.143,8146,39,49.429,2617.127,9.989,11.688,215.833,1.033,1.31
CAN,6/16/2020,99136,360,414.714,8175,29,48.571,2626.665,9.538,10.988,216.601,0.768,1.287
CAN,6/17/2020,99456,320,402,8213,38,45.143,2635.144,8.479,10.651,217.608,1.007,1.196
CAN,6/18/2020,99842,386,389.714,8254,41,42,2645.371,10.227,10.326,218.694,1.086,1.113
CAN,6/19/2020,100209,367,384.286,8300,46,43.714,2655.095,9.724,10.182,219.913,1.219,1.158
CAN,6/20/2020,100618,409,383.714,8346,46,42.429,2665.931,10.837,10.167,221.132,1.219,1.124
CAN,6/21/2020,101008,390,372.714,8410,64,43.286,2676.265,10.333,9.875,222.828,1.696,1.147
CAN,6/22/2020,101326,318,364.286,8430,20,40.571,2684.69,8.426,9.652,223.358,0.53,1.075
CAN,6/23/2020,101637,311,357.286,8436,6,37.286,2692.93,8.24,9.466,223.517,0.159,0.988
CAN,6/24/2020,101963,326,358.143,8454,18,34.429,2701.568,8.638,9.489,223.994,0.477,0.912
CAN,6/25/2020,102242,279,342.857,8484,30,32.857,2708.96,7.392,9.084,224.788,0.795,0.871
CAN,6/26/2020,102611,369,343.143,8504,20,29.143,2718.737,9.777,9.092,225.318,0.53,0.772
CAN,6/27/2020,102783,172,309.286,8508,4,23.143,2723.294,4.557,8.195,225.424,0.106,0.613
CAN,6/28/2020,103021,238,287.571,8516,8,15.143,2729.6,6.306,7.619,225.636,0.212,0.401
CAN,6/29/2020,103239,218,273.286,8522,6,13.143,2735.376,5.776,7.241,225.795,0.159,0.348
CAN,6/30/2020,103907,668,324.286,8566,44,18.571,2753.075,17.699,8.592,226.961,1.166,0.492
CAN,7/1/2020,104193,286,318.571,8591,25,19.571,2760.653,7.578,8.441,227.623,0.662,0.519
CAN,7/2/2020,104193,0,278.714,8591,0,15.286,2760.653,0,7.385,227.623,0,0.405
CAN,7/3/2020,104760,567,307,8642,51,19.714,2775.676,15.023,8.134,228.975,1.351,0.522
CAN,7/4/2020,105079,319,328,8663,21,22.143,2784.128,8.452,8.691,229.531,0.556,0.587
CAN,7/5/2020,105305,226,326.286,8674,11,22.571,2790.116,5.988,8.645,229.823,0.291,0.598
CAN,7/6/2020,105524,219,326.429,8684,10,23.143,2795.919,5.803,8.649,230.088,0.265,0.613
CAN,7/7/2020,105923,399,288,8693,9,18.143,2806.49,10.572,7.631,230.326,0.238,0.481
CAN,7/8/2020,106155,232,280.286,8711,18,17.143,2812.637,6.147,7.426,230.803,0.477,0.454
CAN,7/9/2020,106422,267,318.429,8737,26,20.857,2819.712,7.074,8.437,231.492,0.689,0.553
CAN,7/10/2020,106793,371,290.429,8749,12,15.286,2829.542,9.83,7.695,231.81,0.318,0.405
CAN,7/11/2020,107114,321,290.714,8759,10,13.714,2838.047,8.505,7.703,232.075,0.265,0.363
CAN,7/12/2020,107335,221,290,8773,14,14.143,2843.902,5.856,7.684,232.446,0.371,0.375
CAN,7/13/2020,107579,244,293.571,8783,10,14.143,2850.367,6.465,7.778,232.711,0.265,0.375
CAN,7/14/2020,108144,565,317.286,8790,7,13.857,2865.337,14.97,8.407,232.896,0.185,0.367
CAN,7/15/2020,108475,331,331.429,8798,8,12.429,2874.107,8.77,8.781,233.108,0.212,0.329
CAN,7/16/2020,108816,341,342,8810,12,10.429,2883.142,9.035,9.061,233.426,0.318,0.276
CAN,7/17/2020,109253,437,351.429,8827,17,11.143,2894.721,11.579,9.311,233.876,0.45,0.295
CAN,7/18/2020,109658,405,363.429,8839,12,11.429,2905.451,10.731,9.629,234.194,0.318,0.303
CAN,7/19/2020,109658,0,331.857,8839,0,9.429,2905.451,0,8.793,234.194,0,0.25
CAN,7/20/2020,110338,680,394.143,8852,13,9.857,2923.468,18.017,10.443,234.539,0.344,0.261
CAN,7/21/2020,111113,775,424.143,8858,6,9.714,2944.002,20.534,11.238,234.698,0.159,0.257
CAN,7/22/2020,111684,571,458.429,8862,4,9.143,2959.131,15.129,12.146,234.804,0.106,0.242
CAN,7/23/2020,112227,543,487.286,8870,8,8.571,2973.518,14.387,12.911,235.016,0.212,0.227
CAN,7/24/2020,112659,432,486.571,8874,4,6.714,2984.965,11.446,12.892,235.122,0.106,0.178
CAN,7/25/2020,113193,534,505,8881,7,6,2999.113,14.149,13.38,235.307,0.185,0.159
CAN,7/26/2020,113543,350,555,8885,4,6.571,3008.387,9.273,14.705,235.413,0.106,0.174
CAN,7/27/2020,113898,355,508.571,8890,5,5.429,3017.793,9.406,13.475,235.546,0.132,0.144
CAN,7/28/2020,114597,699,497.714,8901,11,6.143,3036.313,18.52,13.187,235.837,0.291,0.163
CAN,7/29/2020,114980,383,470.857,8912,11,7.143,3046.461,10.148,12.476,236.129,0.291,0.189
CAN,7/30/2020,115456,476,461.286,8917,5,6.714,3059.073,12.612,12.222,236.261,0.132,0.178
CAN,7/31/2020,115785,329,446.571,8929,12,7.857,3067.79,8.717,11.832,236.579,0.318,0.208
CAN,8/1/2020,116298,513,443.571,8935,6,7.714,3081.382,13.592,11.753,236.738,0.159,0.204
CAN,8/2/2020,116585,287,434.571,8941,6,8,3088.986,7.604,11.514,236.897,0.159,0.212
CAN,8/3/2020,116870,285,424.571,8945,4,7.857,3096.537,7.551,11.249,237.003,0.106,0.208
CAN,8/4/2020,117017,147,345.714,8947,2,6.571,3100.432,3.895,9.16,237.056,0.053,0.174
CAN,8/5/2020,117777,760,399.571,8958,11,6.571,3120.569,20.137,10.587,237.347,0.291,0.174
CAN,8/6/2020,118172,395,388,8962,4,6.429,3131.035,10.466,10.28,237.453,0.106,0.17
CAN,8/7/2020,118546,374,394.429,8966,4,5.286,3140.944,9.909,10.451,237.559,0.106,0.14
CAN,8/8/2020,118970,424,381.714,8970,4,5,3152.178,11.234,10.114,237.665,0.106,0.132
CAN,8/9/2020,119206,236,374.429,8976,6,5,3158.431,6.253,9.921,237.824,0.159,0.132
CAN,8/10/2020,119451,245,368.714,8981,5,5.143,3164.922,6.491,9.769,237.957,0.132,0.136
CAN,8/11/2020,120117,666,442.857,8987,6,5.714,3182.569,17.646,11.734,238.116,0.159,0.151
CAN,8/12/2020,120406,289,375.571,8991,4,4.714,3190.226,7.657,9.951,238.222,0.106,0.125
CAN,8/13/2020,120829,423,379.571,9006,15,6.286,3201.433,11.208,10.057,238.619,0.397,0.167
CAN,8/14/2020,121234,405,384,9015,9,7,3212.164,10.731,10.174,238.858,0.238,0.185
CAN,8/15/2020,121652,418,383.143,9020,5,7.143,3223.239,11.075,10.152,238.99,0.132,0.189
CAN,8/16/2020,121889,237,383.286,9024,4,6.857,3229.519,6.279,10.155,239.096,0.106,0.182
CAN,8/17/2020,122087,198,376.571,9026,2,6.429,3234.765,5.246,9.977,239.149,0.053,0.17
CAN,8/18/2020,122872,785,393.571,9032,6,6.429,3255.564,20.799,10.428,239.308,0.159,0.17
CAN,8/19/2020,123154,282,392.571,9045,13,7.714,3263.036,7.472,10.401,239.652,0.344,0.204
CAN,8/20/2020,123490,336,380.143,9049,4,6.143,3271.938,8.903,10.072,239.758,0.106,0.163
CAN,8/21/2020,123873,383,377,9054,5,5.571,3282.086,10.148,9.989,239.891,0.132,0.148
CAN,8/22/2020,124372,499,388.571,9064,10,6.286,3295.307,13.221,10.295,240.156,0.265,0.167
CAN,8/23/2020,124629,257,391.429,9071,7,6.714,3302.117,6.809,10.371,240.341,0.185,0.178
CAN,8/24/2020,124896,267,401.286,9073,2,6.714,3309.191,7.074,10.632,240.394,0.053,0.178
CAN,8/25/2020,125647,751,396.429,9083,10,7.286,3329.089,19.898,10.504,240.659,0.265,0.193
CAN,8/26/2020,125969,322,402.143,9090,7,6.429,3337.621,8.532,10.655,240.845,0.185,0.17
CAN,8/27/2020,126417,448,418.143,9094,4,6.429,3349.491,11.87,11.079,240.951,0.106,0.17
CAN,8/28/2020,126848,431,425,9102,8,6.857,3360.91,11.42,11.261,241.163,0.212,0.182
CAN,8/29/2020,127358,510,426.571,9108,6,6.286,3374.423,13.513,11.302,241.322,0.159,0.167
CAN,8/30/2020,127673,315,434.857,9113,5,6,3382.769,8.346,11.522,241.454,0.132,0.159
CAN,8/31/2020,127940,267,434.857,9117,4,6.286,3389.843,7.074,11.522,241.56,0.106,0.167
CAN,9/1/2020,128948,1008,471.571,9126,9,6.143,3416.551,26.708,12.495,241.799,0.238,0.163
CAN,9/2/2020,129425,477,493.714,9132,6,6,3429.189,12.638,13.081,241.958,0.159,0.159
CAN,9/3/2020,129923,498,500.857,9135,3,5.857,3442.384,13.195,13.27,242.037,0.079,0.155
CAN,9/4/2020,130493,570,520.714,9141,6,5.571,3457.487,15.102,13.797,242.196,0.159,0.148
CAN,9/5/2020,131124,631,538,9141,0,4.714,3474.205,16.719,14.255,242.196,0,0.125
CAN,9/6/2020,131495,371,546,9143,2,4.286,3484.035,9.83,14.467,242.249,0.053,0.114
CAN,9/7/2020,131895,400,565,9145,2,4,3494.633,10.598,14.97,242.302,0.053,0.106
CAN,9/8/2020,132142,247,456.286,9146,1,2.857,3501.178,6.544,12.09,242.328,0.026,0.076
CAN,9/9/2020,133748,1606,617.571,9153,7,3,3543.73,42.552,16.363,242.514,0.185,0.079
CAN,9/10/2020,134294,546,624.429,9155,2,2.857,3558.196,14.467,16.545,242.567,0.053,0.076
CAN,9/11/2020,134924,630,633,9163,8,3.143,3574.888,16.692,16.772,242.779,0.212,0.083
MEX,12/31/2019,0,0,,0,0,,0,0,,0,0,
MEX,1/1/2020,0,0,,0,0,,0,0,,0,0,
MEX,1/2/2020,0,0,,0,0,,0,0,,0,0,
MEX,1/3/2020,0,0,,0,0,,0,0,,0,0,
MEX,1/4/2020,0,0,,0,0,,0,0,,0,0,
MEX,1/5/2020,0,0,,0,0,,0,0,,0,0,
MEX,1/6/2020,0,0,0,0,0,0,0,0,0,0,0,0
MEX,1/7/2020,0,0,0,0,0,0,0,0,0,0,0,0
MEX,1/8/2020,0,0,0,0,0,0,0,0,0,0,0,0
MEX,1/9/2020,0,0,0,0,0,0,0,0,0,0,0,0
MEX,1/10/2020,0,0,0,0,0,0,0,0,0,0,0,0
MEX,1/11/2020,0,0,0,0,0,0,0,0,0,0,0,0
MEX,1/12/2020,0,0,0,0,0,0,0,0,0,0,0,0
MEX,1/13/2020,0,0,0,0,0,0,0,0,0,0,0,0
MEX,1/14/2020,0,0,0,0,0,0,0,0,0,0,0,0
MEX,1/15/2020,0,0,0,0,0,0,0,0,0,0,0,0
MEX,1/16/2020,0,0,0,0,0,0,0,0,0,0,0,0
MEX,1/17/2020,0,0,0,0,0,0,0,0,0,0,0,0
MEX,1/18/2020,0,0,0,0,0,0,0,0,0,0,0,0
MEX,1/19/2020,0,0,0,0,0,0,0,0,0,0,0,0
MEX,1/20/2020,0,0,0,0,0,0,0,0,0,0,0,0
MEX,1/21/2020,0,0,0,0,0,0,0,0,0,0,0,0
MEX,1/22/2020,0,0,0,0,0,0,0,0,0,0,0,0
MEX,1/23/2020,0,0,0,0,0,0,0,0,0,0,0,0
MEX,1/24/2020,0,0,0,0,0,0,0,0,0,0,0,0
MEX,1/25/2020,0,0,0,0,0,0,0,0,0,0,0,0
MEX,1/26/2020,0,0,0,0,0,0,0,0,0,0,0,0
MEX,1/27/2020,0,0,0,0,0,0,0,0,0,0,0,0
MEX,1/28/2020,0,0,0,0,0,0,0,0,0,0,0,0
MEX,1/29/2020,0,0,0,0,0,0,0,0,0,0,0,0
MEX,1/30/2020,0,0,0,0,0,0,0,0,0,0,0,0
MEX,1/31/2020,0,0,0,0,0,0,0,0,0,0,0,0
MEX,2/1/2020,0,0,0,0,0,0,0,0,0,0,0,0
MEX,2/2/2020,0,0,0,0,0,0,0,0,0,0,0,0
MEX,2/3/2020,0,0,0,0,0,0,0,0,0,0,0,0
MEX,2/4/2020,0,0,0,0,0,0,0,0,0,0,0,0
MEX,2/5/2020,0,0,0,0,0,0,0,0,0,0,0,0
MEX,2/6/2020,0,0,0,0,0,0,0,0,0,0,0,0
MEX,2/7/2020,0,0,0,0,0,0,0,0,0,0,0,0
MEX,2/8/2020,0,0,0,0,0,0,0,0,0,0,0,0
MEX,2/9/2020,0,0,0,0,0,0,0,0,0,0,0,0
MEX,2/10/2020,0,0,0,0,0,0,0,0,0,0,0,0
MEX,2/11/2020,0,0,0,0,0,0,0,0,0,0,0,0
MEX,2/12/2020,0,0,0,0,0,0,0,0,0,0,0,0
MEX,2/13/2020,0,0,0,0,0,0,0,0,0,0,0,0
MEX,2/14/2020,0,0,0,0,0,0,0,0,0,0,0,0
MEX,2/15/2020,0,0,0,0,0,0,0,0,0,0,0,0
MEX,2/16/2020,0,0,0,0,0,0,0,0,0,0,0,0
MEX,2/17/2020,0,0,0,0,0,0,0,0,0,0,0,0
MEX,2/18/2020,0,0,0,0,0,0,0,0,0,0,0,0
MEX,2/19/2020,0,0,0,0,0,0,0,0,0,0,0,0
MEX,2/20/2020,0,0,0,0,0,0,0,0,0,0,0,0
MEX,2/21/2020,0,0,0,0,0,0,0,0,0,0,0,0
MEX,2/22/2020,0,0,0,0,0,0,0,0,0,0,0,0
MEX,2/23/2020,0,0,0,0,0,0,0,0,0,0,0,0
MEX,2/24/2020,0,0,0,0,0,0,0,0,0,0,0,0
MEX,2/25/2020,0,0,0,0,0,0,0,0,0,0,0,0
MEX,2/26/2020,0,0,0,0,0,0,0,0,0,0,0,0
MEX,2/27/2020,0,0,0,0,0,0,0,0,0,0,0,0
MEX,2/28/2020,0,0,0,0,0,0,0,0,0,0,0,0
MEX,2/29/2020,2,2,0.286,0,0,0,0.016,0.016,0.002,0,0,0
MEX,3/1/2020,4,2,0.571,0,0,0,0.031,0.016,0.004,0,0,0
MEX,3/2/2020,5,1,0.714,0,0,0,0.039,0.008,0.006,0,0,0
MEX,3/3/2020,,,0.714,,,0,,,0.006,,,0
MEX,3/4/2020,,,0.714,,,0,,,0.006,,,0
MEX,3/5/2020,,,0.714,,,0,,,0.006,,,0
MEX,3/6/2020,,,0.714,,,0,,,0.006,,,0
MEX,3/7/2020,,,0.429,,,0,,,0.003,,,0
MEX,3/8/2020,,,0.143,,,0,,,0.001,,,0
MEX,3/9/2020,7,2,0.286,0,0,0,0.054,0.016,0.002,0,0,0
MEX,3/10/2020,,,0.286,,,0,,,0.002,,,0
MEX,3/11/2020,,,0.286,,,0,,,0.002,,,0
MEX,3/12/2020,11,4,0.857,0,0,0,0.085,0.031,0.007,0,0,0
MEX,3/13/2020,16,5,1.571,0,0,0,0.124,0.039,0.012,0,0,0
MEX,3/14/2020,26,10,3,0,0,0,0.202,0.078,0.023,0,0,0
MEX,3/15/2020,41,15,5.143,0,0,0,0.318,0.116,0.04,0,0,0
MEX,3/16/2020,53,12,6.571,0,0,0,0.411,0.093,0.051,0,0,0
MEX,3/17/2020,82,29,10.714,0,0,0,0.636,0.225,0.083,0,0,0
MEX,3/18/2020,93,11,12.286,0,0,0,0.721,0.085,0.095,0,0,0
MEX,3/19/2020,118,25,15.286,0,0,0,0.915,0.194,0.119,0,0,0
MEX,3/20/2020,164,46,21.143,0,0,0,1.272,0.357,0.164,0,0,0
MEX,3/21/2020,203,39,25.286,2,2,0.286,1.574,0.302,0.196,0.016,0.016,0.002
MEX,3/22/2020,251,48,30,2,0,0.286,1.947,0.372,0.233,0.016,0,0.002
MEX,3/23/2020,316,65,37.571,2,0,0.286,2.451,0.504,0.291,0.016,0,0.002
MEX,3/24/2020,367,51,40.714,4,2,0.571,2.846,0.396,0.316,0.031,0.016,0.004
MEX,3/25/2020,405,38,44.571,5,1,0.714,3.141,0.295,0.346,0.039,0.008,0.006
MEX,3/26/2020,475,70,51,5,0,0.714,3.684,0.543,0.396,0.039,0,0.006
MEX,3/27/2020,585,110,60.143,8,3,1.143,4.537,0.853,0.466,0.062,0.023,0.009
MEX,3/28/2020,717,132,73.429,12,4,1.429,5.561,1.024,0.57,0.093,0.031,0.011
MEX,3/29/2020,848,131,85.286,16,4,2,6.577,1.016,0.661,0.124,0.031,0.016
MEX,3/30/2020,993,145,96.714,20,4,2.571,7.702,1.125,0.75,0.155,0.031,0.02
MEX,3/31/2020,1094,101,103.857,28,8,3.429,8.485,0.783,0.806,0.217,0.062,0.027
MEX,4/1/2020,1215,121,115.714,29,1,3.429,9.424,0.938,0.897,0.225,0.008,0.027
MEX,4/2/2020,1378,163,129,37,8,4.571,10.688,1.264,1.001,0.287,0.062,0.035
MEX,4/3/2020,1510,132,132.143,50,13,6,11.712,1.024,1.025,0.388,0.101,0.047
MEX,4/4/2020,1688,178,138.714,60,10,6.857,13.092,1.381,1.076,0.465,0.078,0.053
MEX,4/5/2020,1890,202,148.857,79,19,9,14.659,1.567,1.155,0.613,0.147,0.07
MEX,4/6/2020,2143,253,164.286,94,15,10.571,16.621,1.962,1.274,0.729,0.116,0.082
MEX,4/7/2020,2439,296,192.143,125,31,13.857,18.917,2.296,1.49,0.969,0.24,0.107
MEX,4/8/2020,2785,346,224.286,141,16,16,21.6,2.684,1.74,1.094,0.124,0.124
MEX,4/9/2020,3181,396,257.571,174,33,19.571,24.672,3.071,1.998,1.35,0.256,0.152
MEX,4/10/2020,3441,260,275.857,194,20,20.571,26.688,2.017,2.14,1.505,0.155,0.16
MEX,4/11/2020,3844,403,308,233,39,24.714,29.814,3.126,2.389,1.807,0.302,0.192
MEX,4/12/2020,4219,375,332.714,273,40,27.714,32.722,2.908,2.581,2.117,0.31,0.215
MEX,4/13/2020,4661,442,359.714,296,23,28.857,36.151,3.428,2.79,2.296,0.178,0.224
MEX,4/14/2020,5014,353,367.857,332,36,29.571,38.888,2.738,2.853,2.575,0.279,0.229
MEX,4/15/2020,5399,385,373.429,406,74,37.857,41.875,2.986,2.896,3.149,0.574,0.294
MEX,4/16/2020,5847,448,380.857,449,43,39.286,45.349,3.475,2.954,3.482,0.334,0.305
MEX,4/17/2020,6297,450,408,486,37,41.714,48.839,3.49,3.164,3.769,0.287,0.324
MEX,4/18/2020,6875,578,433,546,60,44.714,53.322,4.483,3.358,4.235,0.465,0.347
MEX,4/19/2020,7497,622,468.286,650,104,53.857,58.147,4.824,3.632,5.041,0.807,0.418
MEX,4/20/2020,8261,764,514.286,686,36,55.714,64.072,5.926,3.989,5.321,0.279,0.432
MEX,4/21/2020,8772,511,536.857,712,26,54.286,68.035,3.963,4.164,5.522,0.202,0.421
MEX,4/22/2020,9501,729,586,857,145,64.429,73.69,5.654,4.545,6.647,1.125,0.5
MEX,4/23/2020,10544,1043,671,970,113,74.429,81.779,8.089,5.204,7.523,0.876,0.577
MEX,4/24/2020,11633,1089,762.286,1069,99,83.286,90.225,8.446,5.912,8.291,0.768,0.646
MEX,4/25/2020,12872,1239,856.714,1221,152,96.429,99.835,9.61,6.645,9.47,1.179,0.748
MEX,4/26/2020,13842,970,906.429,1305,84,93.571,107.358,7.523,7.03,10.122,0.652,0.726
MEX,4/27/2020,14677,835,916.571,1351,46,95,113.835,6.476,7.109,10.478,0.357,0.737
MEX,4/28/2020,15529,852,965.286,1434,83,103.143,120.443,6.608,7.487,11.122,0.644,0.8
MEX,4/29/2020,16752,1223,1035.857,1569,135,101.714,129.928,9.486,8.034,12.169,1.047,0.789
MEX,4/30/2020,17799,1047,1036.429,1732,163,108.857,138.049,8.121,8.039,13.433,1.264,0.844
MEX,5/1/2020,19224,1425,1084.429,1859,127,112.857,149.101,11.052,8.411,14.418,0.985,0.875
MEX,5/2/2020,20739,1515,1123.857,1972,113,107.286,160.851,11.75,8.717,15.295,0.876,0.832
MEX,5/3/2020,22088,1349,1178,2061,89,108,171.314,10.463,9.137,15.985,0.69,0.838
MEX,5/4/2020,23471,1383,1256.286,2154,93,114.714,182.041,10.727,9.744,16.706,0.721,0.89
MEX,5/5/2020,24905,1434,1339.429,2271,117,119.571,193.163,11.122,10.389,17.614,0.907,0.927
MEX,5/6/2020,26025,1120,1324.714,2507,236,134,201.849,8.687,10.274,19.444,1.83,1.039
MEX,5/7/2020,27634,1609,1405,2704,197,138.857,214.329,12.479,10.897,20.972,1.528,1.077
MEX,5/8/2020,29616,1982,1484.571,2961,257,157.429,229.701,15.372,11.514,22.965,1.993,1.221
MEX,5/9/2020,31522,1906,1540.429,3160,199,169.714,244.484,14.783,11.948,24.509,1.543,1.316
MEX,5/10/2020,33460,1938,1624.571,3353,193,184.571,259.515,15.031,12.6,26.006,1.497,1.432
MEX,5/11/2020,35022,1562,1650.143,3465,112,187.286,271.63,12.115,12.798,26.874,0.869,1.453
MEX,5/12/2020,36327,1305,1631.714,3573,108,186,281.752,10.122,12.656,27.712,0.838,1.443
MEX,5/13/2020,38324,1997,1757,3926,353,202.714,297.24,15.489,13.627,30.45,2.738,1.572
MEX,5/14/2020,40186,1862,1793.143,4220,294,216.571,311.682,14.442,13.908,32.73,2.28,1.68
MEX,5/15/2020,42595,2409,1854.143,4477,257,216.571,330.366,18.684,14.381,34.724,1.993,1.68
MEX,5/16/2020,45032,2437,1930,4767,290,229.571,349.267,18.901,14.969,36.973,2.249,1.781
MEX,5/17/2020,47144,2112,1954.857,5045,278,241.714,365.648,16.381,15.162,39.129,2.156,1.875
MEX,5/18/2020,49219,2075,2028.143,5177,132,244.571,381.742,16.094,15.73,40.153,1.024,1.897
MEX,5/19/2020,51633,2414,2186.571,5332,155,251.286,400.465,18.723,16.959,41.355,1.202,1.949
MEX,5/20/2020,54346,2713,2288.857,5666,334,248.571,421.507,21.042,17.752,43.945,2.59,1.928
MEX,5/21/2020,56594,2248,2344,6090,424,267.143,438.942,17.435,18.18,47.234,3.289,2.072
MEX,5/22/2020,59567,2973,2424.571,6510,420,290.429,462.001,23.059,18.805,50.491,3.258,2.253
MEX,5/23/2020,62527,2960,2499.286,6989,479,317.429,484.958,22.958,19.384,54.207,3.715,2.462
MEX,5/24/2020,65856,3329,2673.143,7179,190,304.857,510.778,25.82,20.733,55.68,1.474,2.364
MEX,5/25/2020,68620,2764,2771.571,7394,215,316.714,532.215,21.438,21.496,57.348,1.668,2.456
MEX,5/26/2020,71105,2485,2781.714,7633,239,328.714,551.489,19.274,21.575,59.201,1.854,2.55
MEX,5/27/2020,74560,3455,2887.714,8134,501,352.571,578.286,26.797,22.397,63.087,3.886,2.735
MEX,5/28/2020,78023,3463,3061.286,8597,463,358.143,605.145,26.859,23.743,66.678,3.591,2.778
MEX,5/29/2020,81400,3377,3119,9044,447,362,631.337,26.192,24.191,70.145,3.467,2.808
MEX,5/30/2020,84627,3227,3157.143,9415,371,346.571,656.365,25.029,24.487,73.023,2.877,2.688
MEX,5/31/2020,87512,2885,3093.714,9779,364,371.429,678.741,22.376,23.995,75.846,2.823,2.881
MEX,6/1/2020,90664,3152,3149.143,9930,151,362.286,703.188,24.447,24.425,77.017,1.171,2.81
MEX,6/2/2020,93435,2771,3190,10167,237,362,724.68,21.492,24.742,78.855,1.838,2.808
MEX,6/3/2020,97326,3891,3252.286,10637,470,357.571,754.859,30.179,25.225,82.5,3.645,2.773
MEX,6/4/2020,101238,3912,3316.429,11728,1091,447.286,785.2,30.341,25.722,90.962,8.462,3.469
MEX,6/5/2020,105680,4442,3468.571,12545,817,500.143,819.652,34.452,26.902,97.299,6.337,3.879
MEX,6/6/2020,110026,4346,3628.429,13170,625,536.429,853.36,33.707,28.142,102.146,4.847,4.161
MEX,6/7/2020,113619,3593,3729.571,13511,341,533.143,881.227,27.867,28.926,104.791,2.645,4.135
MEX,6/8/2020,117103,3484,3777,13699,188,538.429,908.249,27.022,29.294,106.249,1.458,4.176
MEX,6/9/2020,120102,2999,3809.571,14053,354,555.143,931.509,23.26,29.547,108.995,2.746,4.306
MEX,6/10/2020,124301,4199,3853.571,14649,596,573.143,964.076,32.567,29.888,113.617,4.623,4.445
MEX,6/11/2020,129184,4883,3992.286,15357,708,518.429,1001.949,37.872,30.964,119.109,5.491,4.021
MEX,6/12/2020,133974,4790,4042,15944,587,485.571,1039.1,37.151,31.35,123.661,4.553,3.766
MEX,6/13/2020,139196,5222,4167.143,16448,504,468.286,1079.602,40.502,32.32,127.57,3.909,3.632
MEX,6/14/2020,142690,3494,4153,16872,424,480.143,1106.701,27.099,32.211,130.859,3.289,3.724
MEX,6/15/2020,146837,4147,4247.714,17141,269,491.714,1138.865,32.164,32.945,132.945,2.086,3.814
MEX,6/16/2020,150264,3427,4308.857,17580,439,503.857,1165.445,26.58,33.419,136.35,3.405,3.908
MEX,6/17/2020,154863,4599,4366,18310,730,523,1201.115,35.67,33.863,142.012,5.662,4.056
MEX,6/18/2020,159793,4930,4372.714,19080,770,531.857,1239.351,38.237,33.915,147.984,5.972,4.125
MEX,6/19/2020,165455,5662,4497.286,19747,667,543.286,1283.266,43.914,34.881,153.157,5.173,4.214
MEX,6/20/2020,170485,5030,4469.857,20394,647,563.714,1322.278,39.013,34.668,158.175,5.018,4.372
MEX,6/21/2020,175202,4717,4644.571,20781,387,558.429,1358.863,36.585,36.023,161.177,3.002,4.331
MEX,6/22/2020,180545,5343,4815.429,21825,1044,669.143,1400.304,41.44,37.348,169.274,8.097,5.19
MEX,6/23/2020,185122,4577,4979.714,22584,759,714.857,1435.803,35.499,38.623,175.161,5.887,5.544
MEX,6/24/2020,191410,6288,5221,23377,793,723.857,1484.572,48.77,40.494,181.312,6.15,5.614
MEX,6/25/2020,196847,5437,5293.429,24342,965,751.714,1526.742,42.169,41.056,188.796,7.485,5.83
MEX,6/26/2020,202951,6104,5356.571,25060,718,759,1574.084,47.343,41.545,194.365,5.569,5.887
MEX,6/27/2020,208392,5441,5415.286,25779,719,769.286,1616.284,42.2,42.001,199.941,5.577,5.967
MEX,6/28/2020,212802,4410,5371.429,26381,602,800,1650.488,34.204,41.661,204.611,4.669,6.205
MEX,6/29/2020,216852,4050,5186.714,26648,267,689,1681.9,31.412,40.228,206.681,2.071,5.344
MEX,6/30/2020,220657,3805,5076.429,27121,473,648.143,1711.412,29.512,39.373,210.35,3.669,5.027
MEX,7/1/2020,226089,5432,4954.143,27769,648,627.429,1753.542,42.13,38.424,215.376,5.026,4.866
MEX,7/2/2020,231770,5681,4989,28510,741,595.429,1797.604,44.062,38.695,221.123,5.747,4.618
MEX,7/3/2020,238511,6741,5080,29189,679,589.857,1849.887,52.283,39.4,226.389,5.266,4.575
MEX,7/4/2020,245251,6740,5265.571,29843,654,580.571,1902.162,52.275,40.84,231.462,5.072,4.503
MEX,7/5/2020,252165,6914,5623.286,30366,523,569.286,1955.787,53.625,43.614,235.518,4.056,4.415
MEX,7/6/2020,256848,4683,5713.714,30639,273,570.143,1992.108,36.321,44.315,237.636,2.117,4.422
MEX,7/7/2020,261750,4902,5870.429,31119,480,571.143,2030.128,38.02,45.531,241.358,3.723,4.43
MEX,7/8/2020,268008,6258,5988.429,32014,895,606.429,2078.665,48.537,46.446,248.3,6.942,4.703
MEX,7/9/2020,275003,6995,6176.143,32796,782,612.286,2132.918,54.253,47.902,254.365,6.065,4.749
MEX,7/10/2020,282283,7280,6253.143,33526,730,619.571,2189.382,56.464,48.499,260.027,5.662,4.805
MEX,7/11/2020,289174,6891,6274.714,34191,665,621.143,2242.828,53.446,48.667,265.185,5.158,4.818
MEX,7/12/2020,295268,6094,6157.571,34730,539,623.429,2290.093,47.265,47.758,269.365,4.18,4.835
MEX,7/13/2020,299750,4482,6128.857,35006,276,623.857,2324.855,34.762,47.535,271.506,2.141,4.839
MEX,7/14/2020,304435,4685,6097.857,35449,443,618.571,2361.192,36.337,47.295,274.942,3.436,4.798
MEX,7/15/2020,311486,7051,6211.143,36327,878,616.143,2415.88,54.687,48.174,281.752,6.81,4.779
MEX,7/16/2020,317635,6149,6090.286,36906,579,587.143,2463.571,47.692,47.236,286.242,4.491,4.554
MEX,7/17/2020,324041,6406,5965.429,37574,668,578.286,2513.256,49.685,46.268,291.423,5.181,4.485
MEX,7/18/2020,331298,7257,6017.714,38310,736,588.429,2569.541,56.285,46.673,297.132,5.708,4.564
MEX,7/19/2020,338913,7615,6235,38888,578,594,2628.603,59.062,48.359,301.615,4.483,4.607
MEX,7/20/2020,344224,5311,6353.429,39184,296,596.857,2669.795,41.192,49.277,303.91,2.296,4.629
MEX,7/21/2020,349396,5172,6423,39485,301,576.571,2709.909,40.114,49.817,306.245,2.335,4.472
MEX,7/22/2020,356255,6859,6395.571,40400,915,581.857,2763.107,53.198,49.604,313.342,7.097,4.513
MEX,7/23/2020,362274,6019,6377,41190,790,612,2809.79,46.683,49.46,319.469,6.127,4.747
MEX,7/24/2020,370712,8438,6667.286,41908,718,619.143,2875.235,65.445,51.711,325.038,5.569,4.802
MEX,7/25/2020,378285,7573,6712.429,42645,737,619.286,2933.971,58.736,52.061,330.754,5.716,4.803
MEX,7/26/2020,385036,6751,6589,43374,729,640.857,2986.332,52.361,51.104,336.408,5.654,4.97
MEX,7/27/2020,390516,5480,6613.143,43680,306,642.286,3028.835,42.503,51.291,338.781,2.373,4.982
MEX,7/28/2020,395489,4973,6584.714,44022,342,648.143,3067.405,38.57,51.071,341.434,2.653,5.027
MEX,7/29/2020,402697,7208,6634.571,44876,854,639.429,3123.31,55.905,51.458,348.057,6.624,4.959
MEX,7/30/2020,408449,5752,6596.429,45361,485,595.857,3167.923,44.612,51.162,351.819,3.762,4.621
MEX,7/31/2020,416179,7730,6495.286,46000,639,584.571,3227.876,59.954,50.377,356.775,4.956,4.534
MEX,8/1/2020,424637,8458,6621.714,46688,688,577.571,3293.477,65.6,51.358,362.111,5.336,4.48
MEX,8/2/2020,434193,9556,7022.429,47472,784,585.429,3367.593,74.116,54.466,368.192,6.081,4.541
MEX,8/3/2020,439046,4853,6932.857,47746,274,580.857,3405.232,37.64,53.771,370.317,2.125,4.505
MEX,8/4/2020,443813,4767,6903.429,48012,266,570,3442.205,36.973,53.543,372.38,2.063,4.421
MEX,8/5/2020,449961,6148,6752,48869,857,570.429,3489.889,47.684,52.368,379.027,6.647,4.424
MEX,8/6/2020,456100,6139,6807.286,49698,829,619.571,3537.503,47.614,52.797,385.457,6.43,4.805
MEX,8/7/2020,462690,6590,6644.429,50517,819,645.286,3588.615,51.112,51.534,391.809,6.352,5.005
MEX,8/8/2020,469407,6717,6395.714,51311,794,660.429,3640.712,52.097,49.605,397.967,6.158,5.122
MEX,8/9/2020,475902,6495,5958.429,52006,695,647.714,3691.087,50.375,46.213,403.358,5.39,5.024
MEX,8/10/2020,480278,4376,5890.286,52298,292,650.286,3725.027,33.94,45.685,405.622,2.265,5.044
MEX,8/11/2020,485836,5558,6003.286,53003,705,713,3768.135,43.108,46.561,411.09,5.468,5.53
MEX,8/12/2020,492522,6686,6080.143,53929,926,722.857,3819.991,51.856,47.157,418.272,7.182,5.606
MEX,8/13/2020,498380,5858,6040,54666,737,709.714,3865.426,45.435,46.846,423.988,5.716,5.505
MEX,8/14/2020,505751,7371,6151.571,55293,627,682.286,3922.595,57.169,47.711,428.851,4.863,5.292
MEX,8/15/2020,511369,5618,5994.571,55908,615,656.714,3966.168,43.573,46.494,433.621,4.77,5.093
MEX,8/16/2020,517714,6345,5973.143,56543,635,648.143,4015.38,49.212,46.328,438.546,4.925,5.027
MEX,8/17/2020,522162,4448,5983.429,56757,214,637,4049.879,34.499,46.407,440.206,1.66,4.941
MEX,8/18/2020,525733,3571,5699.571,57023,266,574.286,4077.575,27.697,44.206,442.269,2.063,4.454
MEX,8/19/2020,531239,5506,5531,57774,751,549.286,4120.28,42.704,42.898,448.094,5.825,4.26
MEX,8/20/2020,537031,5792,5521.571,58481,707,545,4165.202,44.923,42.825,453.578,5.483,4.227
MEX,8/21/2020,543806,6775,5436.429,59106,625,544.714,4217.749,52.547,42.165,458.425,4.847,4.225
MEX,8/22/2020,549734,5928,5480.714,59610,504,528.857,4263.727,45.977,42.508,462.334,3.909,4.102
MEX,8/23/2020,556216,6482,5500.286,60254,644,530.143,4314.001,50.274,42.66,467.329,4.995,4.112
MEX,8/24/2020,560164,3948,5428.857,60480,226,531.857,4344.621,30.621,42.106,469.082,1.753,4.125
MEX,8/25/2020,563705,3541,5424.571,60800,320,539.571,4372.085,27.464,42.073,471.564,2.482,4.185
MEX,8/26/2020,568621,4916,5340.286,61450,650,525.143,4410.214,38.128,41.419,476.605,5.041,4.073
MEX,8/27/2020,573888,5267,5265.286,62076,626,513.571,4451.065,40.851,40.837,481.46,4.855,3.983
MEX,8/28/2020,579914,6026,5158.286,62594,518,498.286,4497.802,46.738,40.008,485.478,4.018,3.865
MEX,8/29/2020,585738,5824,5143.429,63146,552,505.143,4542.973,45.171,39.892,489.759,4.281,3.918
MEX,8/30/2020,591712,5974,5070.857,63819,673,509.286,4589.307,46.334,39.329,494.979,5.22,3.95
MEX,8/31/2020,595841,4129,5096.714,64158,339,525.429,4621.332,32.024,39.53,497.608,2.629,4.075
MEX,9/1/2020,599560,3719,5122.143,64414,256,516.286,4650.176,28.844,39.727,499.594,1.986,4.004
MEX,9/2/2020,606036,6476,5345,65241,827,541.571,4700.404,50.228,41.456,506.008,6.414,4.2
MEX,9/3/2020,610957,4921,5295.571,65816,575,534.286,4738.571,38.167,41.072,510.468,4.46,4.144
MEX,9/4/2020,616894,5937,5282.857,66329,513,533.571,4784.618,46.047,40.974,514.446,3.979,4.138
MEX,9/5/2020,623090,6196,5336,66851,522,529.286,4832.674,48.056,41.386,518.495,4.049,4.105
MEX,9/6/2020,629409,6319,5385.286,67554,703,533.571,4881.684,49.01,41.768,523.948,5.452,4.138
MEX,9/7/2020,634023,4614,5454.571,67558,4,485.714,4917.47,35.786,42.306,523.979,0.031,3.767
MEX,9/8/2020,637509,3486,5421.286,67781,223,481,4944.508,27.037,42.047,525.708,1.73,3.731
MEX,9/9/2020,642860,5351,5260.571,68484,703,463.286,4986.01,41.502,40.801,531.161,5.452,3.593
MEX,9/10/2020,647507,4647,5221.429,69095,611,468.429,5022.052,36.042,40.497,535.9,4.739,3.633
MEX,9/11/2020,652364,4857,5067.143,69649,554,474.286,5059.723,37.671,39.301,540.196,4.297,3.679
CAN,9/12/2020,135626,702,643.143,9163,0,3.143,3593.488,18.6,17.04,242.779,0,0.083
MEX,9/12/2020,658299,5935,5029.857,70183,534,476,5105.755,46.032,39.011,544.338,4.142,3.692
USA,9/12/2020,6445288,48061,34794.571,193016,1227,750.143,19472.013,145.198,105.119,583.125,3.707,2.266
USA,12/31/2019,0,0,,0,0,,0,0,,0,0,
USA,1/1/2020,0,0,,0,0,,0,0,,0,0,
USA,1/2/2020,0,0,,0,0,,0,0,,0,0,
USA,1/3/2020,0,0,,0,0,,0,0,,0,0,
USA,1/4/2020,0,0,,0,0,,0,0,,0,0,
USA,1/5/2020,0,0,,0,0,,0,0,,0,0,
USA,1/6/2020,0,0,0,0,0,0,0,0,0,0,0,0
USA,1/7/2020,0,0,0,0,0,0,0,0,0,0,0,0
USA,1/8/2020,0,0,0,0,0,0,0,0,0,0,0,0
USA,1/9/2020,0,0,0,0,0,0,0,0,0,0,0,0
USA,1/10/2020,0,0,0,0,0,0,0,0,0,0,0,0
USA,1/11/2020,0,0,0,0,0,0,0,0,0,0,0,0
USA,1/12/2020,0,0,0,0,0,0,0,0,0,0,0,0
USA,1/13/2020,0,0,0,0,0,0,0,0,0,0,0,0
USA,1/14/2020,0,0,0,0,0,0,0,0,0,0,0,0
USA,1/15/2020,0,0,0,0,0,0,0,0,0,0,0,0
USA,1/16/2020,0,0,0,0,0,0,0,0,0,0,0,0
USA,1/17/2020,0,0,0,0,0,0,0,0,0,0,0,0
USA,1/18/2020,0,0,0,0,0,0,0,0,0,0,0,0
USA,1/19/2020,0,0,0,0,0,0,0,0,0,0,0,0
USA,1/20/2020,0,0,0,0,0,0,0,0,0,0,0,0
USA,1/21/2020,1,1,0.143,0,0,0,0.003,0.003,0,0,0,0
USA,1/22/2020,1,0,0.143,0,0,0,0.003,0,0,0,0,0
USA,1/23/2020,1,0,0.143,0,0,0,0.003,0,0,0,0,0
USA,1/24/2020,1,0,0.143,0,0,0,0.003,0,0,0,0,0
USA,1/25/2020,2,1,0.286,0,0,0,0.006,0.003,0.001,0,0,0
USA,1/26/2020,2,0,0.286,0,0,0,0.006,0,0.001,0,0,0
USA,1/27/2020,5,3,0.714,0,0,0,0.015,0.009,0.002,0,0,0
USA,1/28/2020,5,0,0.571,0,0,0,0.015,0,0.002,0,0,0
USA,1/29/2020,5,0,0.571,0,0,0,0.015,0,0.002,0,0,0
USA,1/30/2020,5,0,0.571,0,0,0,0.015,0,0.002,0,0,0
USA,1/31/2020,6,1,0.714,0,0,0,0.018,0.003,0.002,0,0,0
USA,2/1/2020,7,1,0.714,0,0,0,0.021,0.003,0.002,0,0,0
USA,2/2/2020,8,1,0.857,0,0,0,0.024,0.003,0.003,0,0,0
USA,2/3/2020,11,3,0.857,0,0,0,0.033,0.009,0.003,0,0,0
USA,2/4/2020,11,0,0.857,0,0,0,0.033,0,0.003,0,0,0
USA,2/5/2020,11,0,0.857,0,0,0,0.033,0,0.003,0,0,0
USA,2/6/2020,12,1,1,0,0,0,0.036,0.003,0.003,0,0,0
USA,2/7/2020,12,0,0.857,0,0,0,0.036,0,0.003,0,0,0
USA,2/8/2020,12,0,0.714,0,0,0,0.036,0,0.002,0,0,0
USA,2/9/2020,12,0,0.571,0,0,0,0.036,0,0.002,0,0,0
USA,2/10/2020,12,0,0.143,0,0,0,0.036,0,0,0,0,0
USA,2/11/2020,13,1,0.286,0,0,0,0.039,0.003,0.001,0,0,0
USA,2/12/2020,13,0,0.286,0,0,0,0.039,0,0.001,0,0,0
USA,2/13/2020,14,1,0.286,0,0,0,0.042,0.003,0.001,0,0,0
USA,2/14/2020,15,1,0.429,0,0,0,0.045,0.003,0.001,0,0,0
USA,2/15/2020,15,0,0.429,0,0,0,0.045,0,0.001,0,0,0
USA,2/16/2020,15,0,0.429,0,0,0,0.045,0,0.001,0,0,0
USA,2/17/2020,15,0,0.429,0,0,0,0.045,0,0.001,0,0,0
USA,2/18/2020,15,0,0.286,0,0,0,0.045,0,0.001,0,0,0
USA,2/19/2020,15,0,0.286,0,0,0,0.045,0,0.001,0,0,0
USA,2/20/2020,15,0,0.143,0,0,0,0.045,0,0,0,0,0
USA,2/21/2020,16,1,0.143,0,0,0,0.048,0.003,0,0,0,0
USA,2/22/2020,35,19,2.857,0,0,0,0.106,0.057,0.009,0,0,0
USA,2/23/2020,35,0,2.857,0,0,0,0.106,0,0.009,0,0,0
USA,2/24/2020,35,0,2.857,0,0,0,0.106,0,0.009,0,0,0
USA,2/25/2020,53,18,5.429,0,0,0,0.16,0.054,0.016,0,0,0
USA,2/26/2020,53,0,5.429,0,0,0,0.16,0,0.016,0,0,0
USA,2/27/2020,59,6,6.286,0,0,0,0.178,0.018,0.019,0,0,0
USA,2/28/2020,60,1,6.286,0,0,0,0.181,0.003,0.019,0,0,0
USA,2/29/2020,66,6,4.429,0,0,0,0.199,0.018,0.013,0,0,0
USA,3/1/2020,69,3,4.857,1,1,0.143,0.208,0.009,0.015,0.003,0.003,0
USA,3/2/2020,89,20,7.714,2,1,0.286,0.269,0.06,0.023,0.006,0.003,0.001
USA,3/3/2020,103,14,7.143,6,4,0.857,0.311,0.042,0.022,0.018,0.012,0.003
USA,3/4/2020,125,22,10.286,9,3,1.286,0.378,0.066,0.031,0.027,0.009,0.004
USA,3/5/2020,159,34,14.286,11,2,1.571,0.48,0.103,0.043,0.033,0.006,0.005
USA,3/6/2020,233,74,24.714,12,1,1.714,0.704,0.224,0.075,0.036,0.003,0.005
USA,3/7/2020,338,105,38.857,14,2,2,1.021,0.317,0.117,0.042,0.006,0.006
USA,3/8/2020,433,95,52,17,3,2.286,1.308,0.287,0.157,0.051,0.009,0.007
USA,3/9/2020,554,121,66.429,21,4,2.714,1.674,0.366,0.201,0.063,0.012,0.008
USA,3/10/2020,754,200,93,26,5,2.857,2.278,0.604,0.281,0.079,0.015,0.009
USA,3/11/2020,1025,271,128.571,28,2,2.714,3.097,0.819,0.388,0.085,0.006,0.008
USA,3/12/2020,1312,287,164.714,30,2,2.714,3.964,0.867,0.498,0.091,0.006,0.008
USA,3/13/2020,1663,351,204.286,40,10,4,5.024,1.06,0.617,0.121,0.03,0.012
USA,3/14/2020,2174,511,262.286,47,7,4.714,6.568,1.544,0.792,0.142,0.021,0.014
USA,3/15/2020,2951,777,359.714,57,10,5.714,8.915,2.347,1.087,0.172,0.03,0.017
USA,3/16/2020,3774,823,460,69,12,6.857,11.402,2.486,1.39,0.208,0.036,0.021
USA,3/17/2020,4661,887,558.143,85,16,8.429,14.081,2.68,1.686,0.257,0.048,0.025
USA,3/18/2020,6427,1766,771.714,108,23,11.429,19.417,5.335,2.331,0.326,0.069,0.035
USA,3/19/2020,9415,2988,1157.571,150,42,17.143,28.444,9.027,3.497,0.453,0.127,0.052
USA,3/20/2020,14250,4835,1798.143,150,0,15.714,43.051,14.607,5.432,0.453,0,0.047
USA,3/21/2020,19624,5374,2492.857,260,110,30.429,59.287,16.236,7.531,0.785,0.332,0.092
USA,3/22/2020,26747,7123,3399.429,340,80,40.429,80.806,21.519,10.27,1.027,0.242,0.122
USA,3/23/2020,35206,8459,4490.286,471,131,57.429,106.362,25.556,13.566,1.423,0.396,0.173
USA,3/24/2020,46442,11236,5968.714,590,119,72.143,140.307,33.945,18.032,1.782,0.36,0.218
USA,3/25/2020,55231,8789,6972,801,211,99,166.86,26.553,21.063,2.42,0.637,0.299
USA,3/26/2020,69194,13963,8539.857,1050,249,128.571,209.044,42.184,25.8,3.172,0.752,0.388
USA,3/27/2020,85991,16797,10248.714,1296,246,163.714,259.789,50.746,30.963,3.915,0.743,0.495
USA,3/28/2020,104686,18695,12151.714,1707,411,206.714,316.269,56.48,36.712,5.157,1.242,0.625
USA,3/29/2020,124665,19979,13988.286,2191,484,264.429,376.628,60.359,42.26,6.619,1.462,0.799
USA,3/30/2020,143025,18360,15402.714,2509,318,291.143,432.096,55.468,46.534,7.58,0.961,0.88
USA,3/31/2020,164620,21595,16882.571,3170,661,368.571,497.337,65.241,51.004,9.577,1.997,1.113
USA,4/1/2020,189618,24998,19198.143,4079,909,468.286,572.859,75.522,58,12.323,2.746,1.415
USA,4/2/2020,216721,27103,21075.286,5138,1059,584,654.741,81.882,63.671,15.523,3.199,1.764
USA,4/3/2020,245540,28819,22792.714,6053,915,679.571,741.807,87.066,68.86,18.287,2.764,2.053
USA,4/4/2020,277965,32425,24754.143,7157,1104,778.571,839.767,97.96,74.785,21.622,3.335,2.352
USA,4/5/2020,312237,34272,26796,8501,1344,901.429,943.307,103.54,80.954,25.683,4.06,2.723
USA,4/6/2020,337635,25398,27801.429,9647,1146,1019.714,1020.037,76.731,83.992,29.145,3.462,3.081
USA,4/7/2020,368196,30561,29082.286,10989,1342,1117,1112.366,92.329,87.861,33.199,4.054,3.375
USA,4/8/2020,398809,30613,29884.429,12895,1906,1259.429,1204.851,92.486,90.285,38.957,5.758,3.805
USA,4/9/2020,432132,33323,30773,14817,1922,1382.714,1305.524,100.673,92.969,44.764,5.807,4.177
USA,4/10/2020,466033,33901,31499,16690,1873,1519.571,1407.943,102.419,95.162,50.423,5.659,4.591
USA,4/11/2020,501560,35527,31942.143,18777,2087,1660,1515.275,107.331,96.501,56.728,6.305,5.015
USA,4/12/2020,529951,28391,31102,20608,1831,1729.571,1601.048,85.773,93.963,62.259,5.532,5.225
USA,4/13/2020,557571,27620,31419.429,22108,1500,1780.143,1684.491,83.443,94.922,66.791,4.532,5.378
USA,4/14/2020,582594,25023,30628.286,23649,1541,1808.571,1760.089,75.598,92.532,71.447,4.656,5.464
USA,4/15/2020,609516,26922,30101,26057,2408,1880.286,1841.423,81.335,90.939,78.721,7.275,5.681
USA,4/16/2020,639664,30148,29647.429,30985,4928,2309.714,1932.504,91.081,89.569,93.61,14.888,6.978
USA,4/17/2020,671331,31667,29328.286,33284,2299,2370.571,2028.174,95.67,88.604,100.555,6.946,7.162
USA,4/18/2020,702164,30833,28657.714,37054,3770,2611,2121.324,93.15,86.579,111.945,11.39,7.888
USA,4/19/2020,735086,32922,29305,38910,1856,2614.571,2220.786,99.461,88.534,117.552,5.607,7.899
USA,4/20/2020,759687,24601,28873.714,40682,1772,2653.429,2295.109,74.323,87.231,122.905,5.353,8.016
USA,4/21/2020,787752,28065,29308.286,42539,1857,2698.571,2379.896,84.788,88.544,128.516,5.61,8.153
USA,4/22/2020,825041,37289,30789.286,45063,2524,2715.143,2492.551,112.655,93.018,136.141,7.625,8.203
USA,4/23/2020,842629,17588,28995,46784,1721,2257,2545.687,53.136,87.597,141.34,5.199,6.819
USA,4/24/2020,869172,26543,28263,49963,3179,2382.714,2625.876,80.19,85.386,150.944,9.604,7.198
USA,4/25/2020,890524,21352,26908.571,51017,1054,1994.714,2690.383,64.507,81.294,154.129,3.184,6.026
USA,4/26/2020,939053,48529,29138.143,53189,2172,2039.857,2836.995,146.612,88.03,160.691,6.562,6.163
USA,4/27/2020,965910,26857,29460.429,54876,1687,2027.714,2918.134,81.138,89.004,165.787,5.097,6.126
USA,4/28/2020,988451,22541,28671.286,56245,1369,1958,2986.233,68.099,86.62,169.923,4.136,5.915
USA,4/29/2020,1012583,24132,26791.714,58355,2110,1898.857,3059.139,72.906,80.941,176.298,6.375,5.737
USA,4/30/2020,1039909,27326,28182.857,60966,2611,2026,3141.694,82.555,85.144,184.186,7.888,6.121
USA,5/1/2020,1069826,29917,28664.857,63006,2040,1863.286,3232.077,90.383,86.6,190.349,6.163,5.629
USA,5/2/2020,1103781,33955,30465.286,65068,2062,2007.286,3334.659,102.582,92.039,196.578,6.23,6.064
USA,5/3/2020,1133069,29288,27716.571,66385,1317,1885.143,3423.142,88.483,83.735,200.557,3.979,5.695
USA,5/4/2020,1158041,24972,27447.286,67682,1297,1829.429,3498.585,75.444,82.922,204.476,3.918,5.527
USA,5/5/2020,1180634,22593,27454.714,68934,1252,1812.714,3566.842,68.256,82.944,208.258,3.782,5.476
USA,5/6/2020,1204475,23841,27413.143,71078,2144,1817.571,3638.868,72.027,82.819,214.735,6.477,5.491
USA,5/7/2020,1228603,24128,26956.286,73431,2353,1780.714,3711.762,72.894,81.438,221.844,7.109,5.38
USA,5/8/2020,1256972,28369,26735.143,75670,2239,1809.143,3797.468,85.706,80.77,228.608,6.764,5.466
USA,5/9/2020,1283929,26957,25735.429,77180,1510,1730.286,3878.909,81.44,77.75,233.17,4.562,5.227
USA,5/10/2020,1309541,25612,25210.286,78794,1614,1772.714,3956.286,77.377,76.163,238.046,4.876,5.356
USA,5/11/2020,1329799,20258,24536.857,79528,734,1692.286,4017.488,61.202,74.129,240.264,2.218,5.113
USA,5/12/2020,1347916,18117,23897.429,80684,1156,1678.571,4072.221,54.734,72.197,243.756,3.492,5.071
USA,5/13/2020,1369964,22048,23641.286,82387,1703,1615.571,4138.831,66.61,71.423,248.901,5.145,4.881
USA,5/14/2020,1390746,20782,23163.286,84133,1746,1528.857,4201.616,62.785,69.979,254.176,5.275,4.619
USA,5/15/2020,1417889,27143,22988.143,85906,1773,1462.286,4283.618,82.002,69.45,259.533,5.356,4.418
USA,5/16/2020,1443397,25508,22781.143,87568,1662,1484,4360.681,77.063,68.825,264.554,5.021,4.483
USA,5/17/2020,1467884,24487,22620.429,88754,1186,1422.857,4434.659,73.978,68.339,268.137,3.583,4.299
USA,5/18/2020,1486757,18873,22422.571,89562,808,1433.429,4491.677,57.018,67.741,270.578,2.441,4.331
USA,5/19/2020,1508598,21841,22954.571,90353,791,1381.286,4557.661,65.984,69.349,272.968,2.39,4.173
USA,5/20/2020,1528568,19970,22657.714,91921,1568,1362,4617.993,60.332,68.452,277.705,4.737,4.115
USA,5/21/2020,1551853,23285,23015.286,93439,1518,1329.429,4688.34,70.347,69.532,282.291,4.586,4.016
USA,5/22/2020,1577287,25434,22771.143,94702,1263,1256.571,4765.179,76.839,68.794,286.106,3.816,3.796
USA,5/23/2020,1601434,24147,22576.714,96007,1305,1205.571,4838.13,72.951,68.207,290.049,3.943,3.642
USA,5/24/2020,1622670,21236,22112.286,97087,1080,1190.429,4902.287,64.157,66.804,293.312,3.263,3.596
USA,5/25/2020,1643238,20568,22354.429,97720,633,1165.429,4964.426,62.138,67.535,295.224,1.912,3.521
USA,5/26/2020,1662302,19064,21957.714,98220,500,1123.857,5022.02,57.595,66.337,296.735,1.511,3.395
USA,5/27/2020,1681212,18910,21806.286,98916,696,999.286,5079.15,57.129,65.879,298.837,2.103,3.019
USA,5/28/2020,1699933,18721,21154.286,100442,1526,1000.429,5135.708,56.558,63.91,303.448,4.61,3.022
USA,5/29/2020,1721750,21817,20637.571,101617,1175,987.857,5201.62,65.912,62.349,306.998,3.55,2.984
USA,5/30/2020,1747087,25337,20807.571,102836,1219,975.571,5278.166,76.546,62.862,310.68,3.683,2.947
USA,5/31/2020,1770384,23297,21102,103781,945,956.286,5348.549,70.383,63.752,313.535,2.855,2.889
USA,6/1/2020,1790191,19807,20993.286,104383,602,951.857,5408.389,59.839,63.423,315.354,1.819,2.876
USA,6/2/2020,1811277,21086,21282.143,105147,764,989.571,5472.092,63.703,64.296,317.662,2.308,2.99
USA,6/3/2020,1831821,20544,21515.571,106181,1034,1037.857,5534.158,62.066,65.001,320.786,3.124,3.135
USA,6/4/2020,1851520,19699,21655.286,107175,994,961.857,5593.671,59.513,65.423,323.789,3.003,2.906
USA,6/5/2020,1872660,21140,21558.571,108211,1036,942,5657.538,63.867,65.131,326.919,3.13,2.846
USA,6/6/2020,1897838,25178,21535.857,109143,932,901,5733.604,76.066,65.062,329.735,2.816,2.722
USA,6/7/2020,1920061,22223,21382.429,109802,659,860.143,5800.742,67.138,64.599,331.725,1.991,2.599
USA,6/8/2020,1942363,22302,21738.857,110514,712,875.857,5868.119,67.377,65.676,333.876,2.151,2.646
USA,6/9/2020,1961185,18822,21415.429,111007,493,837.143,5924.983,56.864,64.699,335.366,1.489,2.529
USA,6/10/2020,1979850,18665,21147,112006,999,832.143,5981.372,56.389,63.888,338.384,3.018,2.514
USA,6/11/2020,2000464,20614,21277.714,112924,918,821.286,6043.65,62.277,64.283,341.157,2.773,2.481
USA,6/12/2020,2023347,22883,21526.714,113820,896,801.286,6112.782,69.132,65.035,343.864,2.707,2.421
USA,6/13/2020,2048986,25639,21592.571,114669,849,789.429,6190.241,77.459,65.234,346.429,2.565,2.385
USA,6/14/2020,2074526,25540,22066.429,115436,767,804.857,6267.4,77.16,66.665,348.746,2.317,2.432
USA,6/15/2020,2094069,19543,21672.286,115732,296,745.429,6326.442,59.042,65.475,349.641,0.894,2.252
USA,6/16/2020,2114026,19957,21834.429,116127,395,731.429,6386.734,60.293,65.965,350.834,1.193,2.21
USA,6/17/2020,2137731,23705,22554.429,116963,836,708.143,6458.35,71.616,68.14,353.36,2.526,2.139
USA,6/18/2020,2163290,25559,23260.857,117717,754,684.714,6535.567,77.217,70.274,355.638,2.278,2.069
USA,6/19/2020,2191052,27762,23957.857,118434,717,659.143,6619.44,83.872,72.38,357.804,2.166,1.991
USA,6/20/2020,2220961,29909,24567.857,119112,678,634.714,6709.798,90.359,74.223,359.852,2.048,1.918
USA,6/21/2020,2255119,34158,25799,119719,607,611.857,6812.994,103.196,77.942,361.686,1.834,1.848
USA,6/22/2020,2280912,25793,26691.857,119975,256,606.143,6890.918,77.924,80.639,362.459,0.773,1.831
USA,6/23/2020,2312302,31390,28325.143,120402,427,610.714,6985.751,94.833,85.574,363.749,1.29,1.845
USA,6/24/2020,2347022,34720,29898.714,121228,826,609.286,7090.644,104.893,90.328,366.245,2.495,1.841
USA,6/25/2020,2381361,34339,31153,121979,751,608.857,7194.387,103.742,94.117,368.514,2.269,1.839
USA,6/26/2020,2422310,40949,33036.857,124416,2437,854.571,7318.099,123.712,99.808,375.876,7.362,2.582
USA,6/27/2020,2467837,45527,35268,125039,623,846.714,7455.641,137.543,106.549,377.758,1.882,2.558
USA,6/28/2020,2510323,42486,36457.714,125539,500,831.429,7583.997,128.355,110.143,379.269,1.511,2.512
USA,6/29/2020,2548996,38673,38297.714,125804,265,832.714,7700.833,116.836,115.702,380.069,0.801,2.516
USA,6/30/2020,2590552,41556,39750,126140,336,819.714,7826.379,125.546,120.09,381.085,1.015,2.476
USA,7/1/2020,2634432,43880,41058.571,127410,1270,883.143,7958.945,132.567,124.043,384.921,3.837,2.668
USA,7/2/2020,2686480,52048,43588.429,128062,652,869,8116.189,157.243,131.686,386.891,1.97,2.625
USA,7/3/2020,2739879,53399,45367,128740,678,617.714,8277.514,161.325,137.059,388.939,2.048,1.866
USA,7/4/2020,2794321,54442,46640.571,129434,694,627.857,8441.99,164.476,140.907,391.036,2.097,1.897
USA,7/5/2020,2839542,45221,47031.286,129676,242,591,8578.608,136.618,142.087,391.767,0.731,1.785
USA,7/6/2020,2888635,49093,48519.857,129947,271,591.857,8726.924,148.316,146.584,392.586,0.819,1.788
USA,7/7/2020,2938625,49990,49724.714,130306,359,595.143,8877.95,151.026,150.225,393.671,1.085,1.798
USA,7/8/2020,2996098,57473,51666.571,131480,1174,581.429,9051.583,173.633,156.091,397.217,3.547,1.757
USA,7/9/2020,3055004,58906,52646.286,132309,829,606.714,9229.546,177.962,159.051,399.722,2.505,1.833
USA,7/10/2020,3118008,63004,54018.429,133291,982,650.143,9419.888,190.343,163.196,402.689,2.967,1.964
USA,7/11/2020,3184633,66625,55758.857,134097,806,666.143,9621.171,201.282,168.454,405.124,2.435,2.013
USA,7/12/2020,3247684,63051,58306,134814,717,734,9811.656,190.485,176.15,407.29,2.166,2.218
USA,7/13/2020,3304942,57258,59472.429,135205,391,751.143,9984.639,172.984,179.674,408.471,1.181,2.269
USA,7/14/2020,3363056,58114,60633,135605,400,757,10160.209,175.57,183.18,409.68,1.208,2.287
USA,7/15/2020,3431574,68518,62210.857,136466,861,712.286,10367.21,207.001,187.947,412.281,2.601,2.152
USA,7/16/2020,3499291,67717,63469.571,137419,953,730,10571.792,204.581,191.749,415.16,2.879,2.205
USA,7/17/2020,3576221,76930,65459,138358,939,723.857,10804.207,232.415,197.76,417.997,2.837,2.187
USA,7/18/2020,3647715,71494,66154.571,139266,908,738.429,11020.199,215.992,199.861,420.74,2.743,2.231
USA,7/19/2020,3711464,63749,66254.286,140119,853,757.857,11212.793,192.594,200.162,423.317,2.577,2.29
USA,7/20/2020,3773260,61796,66902.571,140534,415,761.286,11399.486,186.693,202.121,424.571,1.254,2.3
USA,7/21/2020,3830010,56750,66707.714,140906,372,757.286,11570.935,171.449,201.532,425.694,1.124,2.288
USA,7/22/2020,3902058,72048,67212,142066,1160,800,11788.601,217.666,203.056,429.199,3.505,2.417
USA,7/23/2020,3970906,68848,67373.571,143190,1124,824.429,11996.599,207.998,203.544,432.595,3.396,2.491
USA,7/24/2020,4034102,63196,65411.571,144242,1052,840.571,12187.522,190.923,197.616,435.773,3.178,2.539
USA,7/25/2020,4112529,78427,66402,145546,1304,897.143,12424.46,236.938,200.609,439.712,3.94,2.71
USA,7/26/2020,4178027,65498,66651.857,146460,914,905.857,12622.337,197.878,201.364,442.474,2.761,2.737
USA,7/27/2020,4234020,55993,65822.857,146935,475,914.429,12791.499,169.162,198.859,443.909,1.435,2.763
USA,7/28/2020,4290263,56243,65750.429,148011,1076,1015,12961.416,169.917,198.64,447.16,3.251,3.066
USA,7/29/2020,4351997,61734,64277,149256,1245,1027.143,13147.922,186.506,194.189,450.921,3.761,3.103
USA,7/30/2020,4426982,74985,65153.714,150713,1457,1074.714,13374.461,226.539,196.837,455.323,4.402,3.247
USA,7/31/2020,4495014,68032,65844.571,152070,1357,1118.286,13579.994,205.533,198.925,459.422,4.1,3.378
USA,8/1/2020,4562037,67023,64215.429,153314,1244,1109.714,13782.479,202.485,194.003,463.181,3.758,3.353
USA,8/2/2020,4620444,58407,63202.429,154447,1133,1141,13958.934,176.455,190.942,466.604,3.423,3.447
USA,8/3/2020,4667955,47511,61990.714,154860,413,1132.143,14102.47,143.537,187.282,467.851,1.248,3.42
USA,8/4/2020,4713562,45607,60471.286,155403,543,1056,14240.255,137.784,182.691,469.492,1.64,3.19
USA,8/5/2020,4771087,57525,59870,156806,1403,1078.571,14414.045,173.79,180.875,473.73,4.239,3.258
USA,8/6/2020,4823891,52804,56701.286,158256,1450,1077.571,14573.572,159.527,171.302,478.111,4.381,3.255
USA,8/7/2020,4883646,59755,55518.857,160104,1848,1147.714,14754.1,180.527,167.729,483.694,5.583,3.467
USA,8/8/2020,4941796,58150,54251.286,161356,1252,1148.857,14929.778,175.678,163.9,487.476,3.782,3.471
USA,8/9/2020,4998017,56221,53939,162425,1069,1139.714,15099.628,169.851,162.956,490.706,3.23,3.443
USA,8/10/2020,5044864,46847,53844.143,162938,513,1154,15241.159,141.531,162.67,492.256,1.55,3.486
USA,8/11/2020,5094394,49530,54404.571,163461,523,1151.143,15390.795,149.636,164.363,493.836,1.58,3.478
USA,8/12/2020,5141207,46813,52874.286,164537,1076,1104.429,15532.223,141.428,159.74,497.087,3.251,3.337
USA,8/13/2020,5197148,55941,53322.429,166027,1490,1110.143,15701.228,169.005,161.094,501.588,4.501,3.354
USA,8/14/2020,5248242,51094,52085.143,167110,1083,1000.857,15855.589,154.361,157.356,504.86,3.272,3.024
USA,8/15/2020,5313080,64838,53040.571,168446,1336,1012.857,16051.473,195.884,160.242,508.896,4.036,3.06
USA,8/16/2020,5361165,48085,51878.286,169481,1035,1008,16196.744,145.271,156.731,512.023,3.127,3.045
USA,8/17/2020,5403269,42104,51200.714,170052,571,1016.286,16323.945,127.201,154.684,513.748,1.725,3.07
USA,8/18/2020,5438325,35056,49133,170497,445,1005.143,16429.854,105.909,148.437,515.093,1.344,3.037
USA,8/19/2020,5482416,44091,48744.143,171821,1324,1040.571,16563.058,133.204,147.262,519.093,4,3.144
USA,8/20/2020,5529842,47426,47527.714,173177,1356,1021.429,16706.338,143.28,143.587,523.189,4.097,3.086
USA,8/21/2020,5573847,44005,46515,174255,1078,1020.714,16839.282,132.945,140.528,526.446,3.257,3.084
USA,8/22/2020,5623727,49880,44378.143,175406,1151,994.286,16989.976,150.694,134.072,529.923,3.477,3.004
USA,8/23/2020,5668105,44378,43848.571,176362,956,983,17124.047,134.071,132.472,532.811,2.888,2.97
USA,8/24/2020,5702611,34506,42763.143,176806,444,964.857,17228.294,104.247,129.193,534.153,1.341,2.915
USA,8/25/2020,5740909,38298,43226.286,177279,473,968.857,17343.997,115.703,130.592,535.582,1.429,2.927
USA,8/26/2020,5779028,38119,42373.143,178486,1207,952.143,17459.159,115.162,128.015,539.228,3.646,2.877
USA,8/27/2020,5821876,42848,41719.143,179714,1228,933.857,17588.609,129.449,126.039,542.938,3.71,2.821
USA,8/28/2020,5867785,45909,41991.143,180824,1110,938.429,17727.305,138.697,126.86,546.292,3.353,2.835
USA,8/29/2020,5917439,49654,41958.857,181773,949,909.571,17877.316,150.011,126.763,549.159,2.867,2.748
USA,8/30/2020,5961582,44143,41925.286,182779,1006,916.714,18010.678,133.361,126.661,552.198,3.039,2.77
USA,8/31/2020,5997163,35581,42078.857,183069,290,894.714,18118.172,107.495,127.125,553.074,0.876,2.703
USA,9/1/2020,6031013,33850,41443.429,183598,529,902.714,18220.437,102.265,125.206,554.672,1.598,2.727
USA,9/2/2020,6075652,44639,42374.857,184689,1091,886.143,18355.297,134.86,128.02,557.968,3.296,2.677
USA,9/3/2020,6114406,38754,41790,185744,1055,861.429,18472.378,117.081,126.253,561.156,3.187,2.602
USA,9/4/2020,6150655,36249,40410,186797,1053,853.286,18581.891,109.513,122.084,564.337,3.181,2.578
USA,9/5/2020,6201726,51071,40612.429,187765,968,856,18736.182,154.292,122.695,567.261,2.924,2.586
USA,9/6/2020,6245866,44140,40612,188538,773,822.714,18869.535,133.352,122.694,569.597,2.335,2.486
USA,9/7/2020,6276421,30555,39894,188941,403,838.857,18961.845,92.31,120.525,570.814,1.218,2.534
USA,9/8/2020,6300671,24250,38522.571,189208,267,801.429,19035.108,73.262,116.381,571.621,0.807,2.421
USA,9/9/2020,6327793,27122,36020.143,189679,471,712.857,19117.047,81.939,108.821,573.044,1.423,2.154
USA,9/10/2020,6359720,31927,35044.857,190815,1136,724.429,19213.502,96.455,105.875,576.476,3.432,2.189
USA,9/11/2020,6397227,37507,35224.571,191789,974,713.143,19326.815,113.313,106.418,579.418,2.943,2.154
